,acting,and,awesome,awful,boring,good,inspiring,movie,story,the,was
0,0.0,0.308617753724143,0.39740154871091776,0.0,0.0,0.0,0.5225352795887763,0.39740154871091776,0.0,0.39740154871091776,0.39740154871091776
1,0.0,0.29225439586501756,0.0,0.49482970636510465,0.49482970636510465,0.0,0.0,0.37633074615060896,0.0,0.37633074615060896,0.37633074615060896
2,0.5046113401371842,0.2980315863446099,0.3837699307603192,0.0,0.0,0.5046113401371842,0.0,0.0,0.5046113401371842,0.0,0.0
